ProgressionStatus	PatientID	AA_Change	SampleArray	HitArray	VariantType
Prog	42	p.Arg273His	1,1,0,1	2,2,0,2	aa
Prog	43	p.Tyr220Cys	1,0,0,0	3,0,0,0	aa
Prog	43	p.Arg248Gln	0,0,1,1	0,0,2,2	aa
Prog	163	p.Arg175His	1,1,1,1	2,2,2,2	aa
Prog	169	p.His179Tyr	1,1,1,0	2,2,2,0	aa
Prog	266	p.Gly244Asp	0,1,0,0	0,3,0,0	aa
Prog	266	p.Glu336*	0,0,0,1	0,0,0,2	aa
Prog	279	p.Arg306*	0,1,0,1	0,3,0,1	aa
Prog	295	p.Arg110Pro	0,1,1,1	0,2,2,2	aa
NP	303	p.Arg248Gln	0,1,0,0	0,3,0,0	aa
NP	303	p.Glu285Lys	1,1,0,1	2,3,0,2	aa
Prog	322	p.Arg282Trp	0,0,1,0	0,0,3,0	aa
NP	385	p.Val216Met	0,0,0,1	0,0,0,3	aa
Prog	391	p.Arg306*	1,1,1,1	2,2,2,2	aa
Prog	396	p.Gly266Arg	0,0,1,1	0,0,3,2	aa
Prog	403	p.Asp186fs	0,0,0,1	0,0,0,2	aa
Prog	403	p.Arg273Cys	0,0,1,0	0,0,3,0	aa
Prog	403	p.X186_splice	0,0,0,1	0,0,0,2	splice
Prog	422	p.Arg248Gln	1,1,1,1	2,3,2,2	aa
Prog	450	p.Leu130His	1,1,1,1	2,2,2,1	aa
NP	478	p.Pro177Leu	0,0,1,0	0,0,3,0	aa
Prog	512	p.Trp91*	1,1,1,1	2,3,2,2	aa
NP	515	p.Arg175His	0,1,0,0	0,3,0,0	aa
Prog	551	p.Arg175His	0,0,1,0	0,0,1,0	aa
Prog	568	p.His193Tyr	0,0,1,0	0,0,2,0	aa
NP	611	p.Arg248Trp	1,1,0,0	3,3,0,0	aa
NP	619	p.Thr211Ile	1,0,0,0	3,0,0,0	aa
Prog	626	p.Arg248Gln	0,1,0,1	0,2,0,2	aa
Prog	660	p.Arg248Gln	1,1,1,1	1,1,1,1	aa
Prog	660	p.X32_splice	1,1,1,1	3,2,3,2	splice
Prog	702	p.Val122Leu	0,1,0,0	0,3,0,0	aa
Prog	702	p.Arg213Leu	0,0,0,1	0,0,0,3	aa
Prog	728	p.Arg175Leu	1,0,0,0	3,0,0,0	aa
Prog	728	p.Arg248Gln	1,0,0,0	3,0,0,0	aa
Prog	740	p.Gln100*	1,1,1,1	2,2,2,2	aa
Prog	772	p.Arg248Gln	0,1,1,1	0,2,2,2	aa
Prog	779	p.Arg306*	1,0,1,1	2,0,2,2	aa
Prog	833	p.Arg196*	1,1,0,0	3,2,0,0	aa
Prog	852	p.Arg175His	1,0,1,0	2,0,2,0	aa
Prog	856	p.Ter347Lysγ	0,0,1,0	0,0,3,0	aa
Prog	891	p.Val217Gly	1,0,0,0	3,0,0,0	aa
Prog	891	p.Gly245Ser	0,0,1,1	0,0,2,3	aa
NP	915	p.Val173Met	1,0,0,0	3,0,0,0	aa
NP	942	p.Leu336Serγ	1,0,0,0	3,0,0,0	aa
NP	942	p.Cys141Phe	0,0,1,1	0,0,3,3	aa
Prog	951	p.Arg280Lys	1,1,1,1	3,3,3,3	aa
Prog	951	p.X279_splice	0,0,1,1	0,0,2,2	splice
Prog	977	p.Arg175His	1,1,1,0	2,2,2,0	aa
Prog	995	p.Arg273Cys	0,0,1,0	0,0,1,0	aa
Prog	995	p.Arg158His	0,0,1,0	0,0,2,0	aa
Prog	997	p.Arg306*	1,1,1,1	2,2,2,2	aa
Prog	74	p.X225_splice	1,1,1,1	2,2,2,2	splice
Prog	686	p.X125_splice	0,0,1,1	0,0,2,2	splice
Prog	954	p.X1_splice	1,1,1,1	2,2,2,2	splice